{"cameraMode":{"drawMode":0,"name":"Shaded","section":"Shading Mode"},"sceneLighting":true,"audioPlay":false,"sceneViewState":{"m_AlwaysRefresh":false,"showFog":true,"showSkybox":true,"showFlares":true,"showImageEffects":true,"showParticleSystems":true,"showVisualEffectGraphs":true,"m_FxEnabled":true},"in2DMode":false,"pivot":{"x":0.03589889407157898,"y":1.0991795063018799,"z":-0.3187500238418579},"rotation":{"x":-0.24651354551315309,"y":0.38172847032546999,"z":-0.10638971626758576,"w":-0.8844799399375916},"size":4.394738674163818,"orthographic":false}